"","x"
"1","Abroscopus superciliaris"
"2","Pipile cujubi"
"3","Acrocephalus aedon"
"4","Aegithalos caudatus"
"5","Emberiza elegans"
"6","Emberiza pusilla"
"7","Parus major"
"8","Poecile montanus"
"9","Parus venustulus"
"10","Phylloscopus proregulus"
"11","Sitta europaea"
"12","Luscinia cyanura"
"13","Carduelis flammea"
"14","Loxia leucoptera"
"15","Poecile hudsonica"
"16","Empidonax alnorum"
"17","Empidonax flaviventris"
"18","Empidonax hammondii"
"19","Junco hyemalis"
"20","Melospiza lincolnii"
"21","Passerculus sandwichensis"
"22","Dendroica coronata"
"23","Setophaga striata"
"24","Zonotrichia leucophrys"
"25","Cyanistes caeruleus"
"26","Periparus ater"
"27","Fringilla coelebs"
"28","Acrocephalus agricola"
"29","Acanthagenys rufogularis"
"30","Himantopus himantopus"
"31","Accipiter francesiae"
"32","Accipiter madagascariensis"
"33","Accipiter gularis"
"34","Accipiter nisus"
"35","Accipiter soloensis"
"36","Ficedula albicollis"
"37","Mirafra rufocinnamomea"
"38","Neocichla gutturalis"
"39","Tockus alboterminatus"
"40","Crex crex"
"41","Ficedula hypoleuca"
"42","Merops apiaster"
"43","Accipiter trivirgatus"
"44","Acrocephalus dumetorum"
"45","Acrocephalus scirpaceus"
"46","Acrocephalus newtoni"
"47","Nesillas typica"
"48","Acrocephalus arundinaceus"
"49","Actenoides lindsayi"
"50","Adelomyia melanogenys"
"51","Emberiza melanocephala"
"52","Aegolius funereus"
"53","Emberiza godlewskii"
"54","Ficedula parva"
"55","Aegithalos concinnus"
"56","Stachyris ruficeps"
"57","Alcippe morrisonia"
"58","Sylvia borin"
"59","Dicrurus adsimilis"
"60","Euplectes capensis"
"61","Nectarinia venusta"
"62","Gymnoris superciliaris"
"63","Ploceus ocularis"
"64","Ploceus velatus"
"65","Pytilia melba"
"66","Quelea quelea"
"67","Columba palumbus"
"68","Streptopelia turtur"
"69","Trachyphonus vaillantii"
"70","Corvus albicollis"
"71","Cisticola brachypterus"
"72","Emberiza flaviventris"
"73","Ispidina picta"
"74","Laniarius ferrugineus"
"75","Cinnyris mediocris"
"76","Ploceus baglafecht"
"77","Batis dimorpha"
"78","Chrysococcyx klaas"
"79","Nectarinia afra"
"80","Andropadus tephrolaemus"
"81","Tangara nigrocincta"
"82","Cisticola erythrops"
"83","Cisticola natalensis"
"84","Cisticola rufilatus"
"85","Pytilia afra"
"86","Euplectes ardens"
"87","Malaconotus blanchoti"
"88","Estrilda melanotis"
"89","Myrmecocichla arnotti"
"90","Lonchura cucullata"
"91","Cryptospiza reichenovii"
"92","Pogonocichla stellata"
"93","Chlorophanes spiza"
"94","Serinus striolatus"
"95","Batis molitor"
"96","Lagonosticta rubricata"
"97","Colius striatus"
"98","Merops pusillus"
"99","Amandava subflava"
"100","Lamprotornis chalybaeus"
"101","Passer diffusus"
"102","Turtur chalcospilos"
"103","Milvus migrans"
"104","Numida meleagris"
"105","Serinus mozambicus"
"106","Oriolus auratus"
"107","Indicator indicator"
"108","Cossypha heuglini"
"109","Hypargos niveoguttatus"
"110","Tauraco corythaix"
"111","Melaniparus niger"
"112","Centropus superciliosus"
"113","Cercotrichas barbata"
"114","Treron calvus"
"115","Campethera abingoni"
"116","Lybius torquatus"
"117","Illadopsis pyrrhopterum"
"118","Chalcomitra senegalensis"
"119","Sturnus contra"
"120","Bradypterus baboecala"
"121","Chalcomitra amethystina"
"122","Euplectes albonotatus"
"123","Emberiza cabanisi"
"124","Cossypha caffra"
"125","Zosterops senegalensis"
"126","Serinus canicollis"
"127","Alethe fuelleborni"
"128","Cisticola njombe"
"129","Hirundo angolensis"
"130","Turdus abyssinicus"
"131","Chloropeta natalensis"
"132","Cisticola nigriloris"
"133","Streptopelia semitorquata"
"134","Melaniparus griseiventris"
"135","Columba arquatrix"
"136","Bradypterus cinnamomeus"
"137","Nectarinia kilimensis"
"138","Sarothrura rufa"
"139","Cossypha anomala"
"140","Sheppardia sharpei"
"141","Hypocnemis striata"
"142","Hypocnemoides maculicauda"
"143","Phlegopsis nigromaculata"
"144","Phyllastrephus flavostriatus"
"145","Zoothera gurneyi"
"146","Pogoniulus leucomystax"
"147","Onychognathus tenuirostris"
"148","Apaloderma vittatum"
"149","Elminia albonotata"
"150","Phyllastrephus cerviniventris"
"151","Cisticola woosnami"
"152","Tchagra australis"
"153","Muscicapa caerulescens"
"154","Muscicapa adusta"
"155","Halcyon senegalensis"
"156","Cercotrichas leucophrys"
"157","Ploceus xanthops"
"158","Pycnonotus barbatus"
"159","Eurystomus glaucurus"
"160","Melaniparus rufiventris"
"161","Passer domesticus"
"162","Delichon urbicum"
"163","Euplectes hartlaubi"
"164","Smithornis capensis"
"165","Apalis thoracica"
"166","Pseudoalcippe abyssinica"
"167","Andropadus milanjensis"
"168","Phylloscopus ruficapilla"
"169","Nectarinia olivacea"
"170","Tockus nasutus"
"171","Calamonastes stierlingi"
"172","Heliolais erythropterus"
"173","Laniarius fuelleborni"
"174","Serinus citrinelloides"
"175","Francolinus levaillantii"
"176","Turdus pelios"
"177","Turdus libonyana"
"178","Luscinia megarhynchos"
"179","Gallinula chloropus"
"180","Luscinia svecica"
"181","Turdus migratorius"
"182","Corvus corone"
"183","Turdus unicolor"
"184","Molothrus badius"
"185","Arremon taciturnus"
"186","Alauda arvensis"
"187","Chelidorhynx hypoxanthus"
"188","Niltava sundara"
"189","Pellorneum albiventre"
"190","Bubo bubo"
"191","Criniger pallidus"
"192","Hypogramma hypogrammicum"
"193","Stachyris nigriceps"
"194","Terpsiphone paradisi"
"195","Alcippe poioicephala"
"196","Garrulax delesserti"
"197","Montecincla meridionalis"
"198","Melanerpes cactorum"
"199","Catharus occidentalis"
"200","Empidonax occidentalis"
"201","Peucedramus taeniatus"
"202","Poecile sclateri"
"203","Psaltriparus minimus"
"204","Troglodytes aedon"
"205","Turdus assimilis"
"206","Vireo huttoni"
"207","Alethe diademata"
"208","Alectroenas madagascariensis"
"209","Heterophasia melanoleuca"
"210","Myiomela leucura"
"211","Arachnothera longirostra"
"212","Ficedula monileger"
"213","Hypsipetes mcclellandii"
"214","Rhipidura albicollis"
"215","Machlolophus spilonotus"
"216","Yuhina flavicollis"
"217","Minla cyanouroptera"
"218","Alcippe nipalensis"
"219","Amazonetta brasiliensis"
"220","Amazilia chionogaster"
"221","Amazilia viridicauda"
"222","Amphispiza bilineata"
"223","Anas crecca"
"224","Falco tinnunculus"
"225","Anas cyanoptera"
"226","Anas georgica"
"227","Creurgops verticalis"
"228","Dysithamnus mentalis"
"229","Anairetes parulus"
"230","Atlapetes latinuchus"
"231","Automolus ochrolaemus"
"232","Chalcostigma ruficeps"
"233","Coeligena torquata"
"234","Coeligena violifer"
"235","Hypocnemis peruviana"
"236","Lochmias nematura"
"237","Myadestes ralloides"
"238","Carduelis magellanica"
"239","Trichothraupis melanops"
"240","Turdus chiguanco"
"241","Anabacerthia striaticollis"
"242","Thamnophilus unicolor"
"243","Leptopogon taczanowskii"
"244","Saltator maximus"
"245","Antilophia galeata"
"246","Chiroxiphia caudata"
"247","Anisognathus flavinuchus"
"248","Crypturellus obsoletus"
"249","Anisognathus somptuosus"
"250","Cacicus uropygialis"
"251","Myrmotherula schisticolor"
"252","Platyrinchus mystaceus"
"253","Zonotrichia capensis"
"254","Anisognathus igniventris"
"255","Catamenia inornata"
"256","Oreotrochilus melanogaster"
"257","Phrygilus fruticeti"
"258","Phrygilus plebejus"
"259","Anisognathus lacrymosus"
"260","Tangara vassorii"
"261","Phaethornis malaris"
"262","Andropadus latirostris"
"263","Hirundo rustica"
"264","Phylloscopus trochilus"
"265","Turdus philomelos"
"266","Muscicapa striata"
"267","Catharus guttatus"
"268","Anser indicus"
"269","Phalacrocorax carbo"
"270","Tadorna ferruginea"
"271","Anthus campestris"
"272","Anthus hodgsoni"
"273","Anthus rubescens"
"274","Anthus trivialis"
"275","Aphelocoma californica"
"276","Aphelocoma woodhouseii"
"277","Cyanocitta stelleri"
"278","Poecile gambeli"
"279","Myiarchus cinerascens"
"280","Melospiza melodia"
"281","Catharus minimus"
"282","Aphrastura spinicauda"
"283","Diuca diuca"
"284","Aratinga jandaya"
"285","Phylloscopus trochiloides"
"286","Phylloscopus humei"
"287","Buarremon brunneinucha"
"288","Atlapetes melanocephalus"
"289","Synallaxis fuscorufa"
"290","Elaenia frantzii"
"291","Ochthoeca diadema"
"292","Henicorhina anachoreta"
"293","Catharus fuscater"
"294","Catamblyrhynchus diadema"
"295","Anisognathus melanogenys"
"296","Buarremon torquatus"
"297","Myioborus flavivertex"
"298","Atlapetes rufinucha"
"299","Chaetocercus mulsant"
"300","Cnemoscopus rubrirostris"
"301","Euphonia xanthogaster"
"302","Heliangelus amethysticollis"
"303","Heliangelus viola"
"304","Myioborus miniatus"
"305","Scytalopus unicolor"
"306","Turdus serranus"
"307","Arizelocichla tephrolaema"
"308","Arremon flavirostris"
"309","Megastictus margaritatus"
"310","Psarocolius bifasciatus"
"311","Vireo olivaceus"
"312","Tachyphonus rufus"
"313","Acrocephalus baeticatus"
"314","Sylvia atricapilla"
"315","Acrocephalus palustris"
"316","Pseudoscops clamator"
"317","Megascops choliba"
"318","Asio flammeus"
"319","Asio otus"
"320","Athene noctua"
"321","Asio stygius"
"322","Asthenes humilis"
"323","Cinclodes albiventris"
"324","Diuca speculifera"
"325","Atelornis crossleyi"
"326","Atelornis pittoides"
"327","Atlapetes seebohmi"
"328","Basileuterus trifasciatus"
"329","Diglossa sittoides"
"330","Silvicultrix jelskii"
"331","Atlapetes pileatus"
"332","Atlapetes schistaceus"
"333","Atlapetes pallidinucha"
"334","Attila cinnamomeus"
"335","Aulacorhynchus prasinus"
"336","Automolus infuscatus"
"337","Cercomacra nigrescens"
"338","Automolus rufipileatus"
"339","Galbula cyanicollis"
"340","Thamnophilus amazonicus"
"341","Automolus paraensis"
"342","Attila spadiceus"
"343","Thamnophilus schistaceus"
"344","Epinecrophylla haematonota"
"345","Thamnomanes saturninus"
"346","Willisornis poecilinotus"
"347","Gymnopithys salvini"
"348","Paroaria capitata"
"349","Rhynchocyclus olivaceus"
"350","Philydor erythrocercum"
"351","Syndactyla ucayalae"
"352","Atlapetes albinucha"
"353","Passerella iliaca"
"354","Pipilo maculatus"
"355","Molothrus ater"
"356","Myiothlypis coronatus"
"357","Geothlypis trichas"
"358","Cardellina pusilla"
"359","Sitta carolinensis"
"360","Seiurus noveboracensis"
"361","Basileuterus coronatus"
"362","Myiothlypis coronata"
"363","Diglossopis caerulescens"
"364","Turdus leucops"
"365","Thryothorus euophrys"
"366","Turdus nigriceps"
"367","Dendroica pensylvanica"
"368","Aglaeactis castelnaudii"
"369","Aglaeactis cupripennis"
"370","Ammodramus aurifrons"
"371","Myiothlypis nigrocristata"
"372","Campylopterus largipennis"
"373","Chalcostigma herrani"
"374","Xenopipo unicolor"
"375","Cistothorus platensis"
"376","Coeligena coeligena"
"377","Diglossa albilatera"
"378","Diglossa brunneiventris"
"379","Doryfera ludoviciae"
"380","Eutoxeres condamini"
"381","Habia rubica"
"382","Henicorhina leucophrys"
"383","Lepidothrix coronata"
"384","Lophotriccus pileatus"
"385","Metriopelia melanoptera"
"386","Mionectes oleagineus"
"387","Myioborus melanocephalus"
"388","Myiophobus fasciatus"
"389","Ochthoeca oenanthoides"
"390","Premnoplex brunnescens"
"391","Premnornis guttuligera"
"392","Synallaxis azarae"
"393","Thalurania furcata"
"394","Thraupis cyanocephala"
"395","Poecile atricapilla"
"396","Parus carolinensis"
"397","Poecile atricapillus x carolinensis"
"398","Baeolophus bicolor"
"399","Baeolophus ridgwayi"
"400","Conopophaga lineata"
"401","Basileuterus flaveolus"
"402","Tyrannus melancholicus"
"403","Myiarchus tyrannulus"
"404","Coryphistera alaudina"
"405","Tiaris fuliginosus"
"406","Paroaria dominicana"
"407","Thamnophilus pelzelni"
"408","Coereba flaveola"
"409","Coryphospingus pileatus"
"410","Tangara cayana"
"411","Coryphospingus cucullatus"
"412","Basileuterus hypoleucus"
"413","Volatinia jacarina"
"414","Basileuterus culicivorus"
"415","Basileuterus fulvicauda"
"416","Phaethornis yaruqui"
"417","Basileuterus luteoviridis"
"418","Basileuterus tristriatus"
"419","Bernieria madagascariensis"
"420","Xanthomixis zosterops"
"421","Calicalicus madagascariensis"
"422","Falco sparverius"
"423","Bombycilla garrulus"
"424","Brachypteracias leptosomus"
"425","Fringilla montifringilla"
"426","Acrocephalus griseldis"
"427","Phylloscopus collybita"
"428","Phylloscopus borealis"
"429","Erithacus akahige"
"430","Phylloscopus occipitalis"
"431","Hippolais icterina"
"432","Phylloscopus sibilatrix"
"433","Carpodacus erythrinus"
"434","Erithacus rubecula"
"435","Locustella naevia"
"436","Prunella modularis"
"437","Regulus regulus"
"438","Sylvia curruca"
"439","Lanius collurio"
"440","Corvus caurinus"
"441","Phylloscopus brehmi"
"442","Calidris melanotos"
"443","Cygnus columbianus"
"444","Catharus ustulatus"
"445","Ixoreus naevius"
"446","Petrochelidon pyrrhonota"
"447","Vermivora celata"
"448","Carduelis pinus"
"449","Tachycineta bicolor"
"450","Carduelis cannabina"
"451","Certhia familiaris"
"452","Emberiza citrinella"
"453","Parus palustris"
"454","Troglodytes troglodytes"
"455","Catharus fuscescens"
"456","Cardinalis cardinalis"
"457","Melospiza georgiana"
"458","Seiurus aurocapilla"
"459","Zonotrichia albicollis"
"460","Ninox scutulata"
"461","Bubulcus ibis"
"462","Falco eleonorae"
"463","Buteo buteo"
"464","Butastur indicus"
"465","Falco cherrug"
"466","Bubo sumatranus"
"467","Bucco macrodactylus"
"468","Estrilda astrild"
"469","Sarkidiornis melanotos"
"470","Indicator variegatus"
"471","Hypsipetes madagascariensis"
"472","Corythornis madagascariensis"
"473","Dacnis lineata"
"474","Chrysococcyx caprius"
"475","Buteo hemilasius"
"476","Buthraupis montana"
"477","Conirostrum albifrons"
"478","Conirostrum cinereum"
"479","Diglossa cyanea"
"480","Ocreatus underwoodii"
"481","Pheucticus chrysogaster"
"482","Tangara nigroviridis"
"483","Tangara viridicollis"
"484","Thraupis bonariensis"
"485","Bubo virginianus"
"486","Chloroceryle americana"
"487","Eupetomena macroura"
"488","Glaucis hirsutus"
"489","Pipra pipra"
"490","Conopophaga melanops"
"491","Campylorhynchus fasciatus"
"492","Campylorhamphus pusillus"
"493","Campephilus rubricollis"
"494","Ochthoeca leucophrys"
"495","Amazilia amazilia"
"496","Heliodoxa aurescens"
"497","Leptopogon superciliaris"
"498","Pheugopedius eisenmanni"
"499","Ramphocelus carbo"
"500","Thripadectes melanorhynchus"
"501","Campylopterus villaviscensio"
"502","Thryothorus leucotis"
"503","Pheugopedius genibarbis"
"504","Myiarchus ferox"
"505","Cantorchilus superciliaris"
"506","Camptostoma obsoletum"
"507","Gnorimopsar chopi"
"508","Thamnophilus caerulescens"
"509","Caprimulgus longirostris"
"510","Carduelis barbata"
"511","Cardellina canadensis"
"512","Passerina cyanea"
"513","Agelaius phoeniceus"
"514","Icterus galbula"
"515","Carduelis carduelis"
"516","Carduelis chloris"
"517","Emberiza variabilis"
"518","Carpodacus pulcherrimus"
"519","Pyrrhula pyrrhula"
"520","Casiornis rufus"
"521","Casiornis fuscus"
"522","Catamenia analis"
"523","Leptasthenura pileata"
"524","Metallura phoebe"
"525","Xenodacnis parina"
"526","Phrygilus atriceps"
"527","Cathartes aura"
"528","Catharus frantzii"
"529","Picoides pubescens"
"530","Hylocichla mustelina"
"531","Turdus fuscater"
"532","Gavia immer"
"533","Turdus falcklandii"
"534","Turdus olivater"
"535","Catamenia homochroa"
"536","Turdus amaurochalinus"
"537","Phrygilus patagonicus"
"538","Grallaricula peruviana"
"539","Pheucticus ludovicianus"
"540","Catharus dryas"
"541","Thraupis episcopus"
"542","Turdus albicollis"
"543","Regulus calendula"
"544","Colibri thalassinus"
"545","Myadestes occidentalis"
"546","Vireo gilvus"
"547","Oporornis tolmiei"
"548","Setophaga petechia"
"549","Carpodacus mexicanus"
"550","Corvus corax"
"551","Dendroica townsendi"
"552","Spizella arborea"
"553","Loxia curvirostra"
"554","Tachycineta thalassina"
"555","Cyanocitta cristata"
"556","Mniotilta varia"
"557","Leiothlypis peregrina"
"558","Dendroica caerulescens"
"559","Dendroica palmarum"
"560","Emberiza cirlus"
"561","Ficedula semitorquata"
"562","Serinus serinus"
"563","Riparia riparia"
"564","Sylvia communis"
"565","Emberiza schoeniclus"
"566","Centropus sinensis"
"567","Centropus toulou"
"568","Cercomacra cinerascens"
"569","Pipra erythrocephala"
"570","Pipra rubrocapilla"
"571","Cercomacra serva"
"572","Cettia cetti"
"573","Chamaeza campanisona"
"574","Chalcophaps indica"
"575","Heliodoxa leadbeateri"
"576","Chiroxiphia pareola"
"577","Chloroceryle aenea"
"578","Chlorophonia cyanea"
"579","Mionectes striaticollis"
"580","Chlorospingus flavopectus"
"581","Chloroceryle inda"
"582","Chlorospingus ophthalmicus"
"583","Chlorornis riefferii"
"584","Piculus rivolii"
"585","Mionectes macconnelli"
"586","Chondestes grammacus"
"587","Chordeiles minor"
"588","Cossypha niveicapilla"
"589","Accipiter virgatus"
"590","Larus cachinnans"
"591","Larus argentatus"
"592","Larus mongolicus"
"593","Ixobrychus minutus"
"594","Dryocopus martius"
"595","Falco amurensis"
"596","Circus cyaneus"
"597","Aquila heliaca"
"598","Cinclus cinclus"
"599","Nectarinia notata"
"600","Cinnyris souimanga"
"601","Neomixis striatigula"
"602","Garrulus glandarius"
"603","Claravis pretiosa"
"604","Lichenostomus virescens"
"605","Melithreptus brevirostris"
"606","Lichenostomus ornatus"
"607","Malurus coronatus"
"608","Malurus melanocephalus"
"609","Malurus assimilis"
"610","Malurus splendens"
"611","Spizella passerina"
"612","Dolichonyx oryzivorus"
"613","Spizella pallida"
"614","Poospiza whitii"
"615","Quiscalus quiscula"
"616","Setophaga ruticilla"
"617","Vermivora ruficapilla"
"618","Pipilo erythrophthalmus"
"619","Dumetella carolinensis"
"620","Hemispingus frontalis"
"621","Chlorospingus flavigularis"
"622","Coeligena iris"
"623","Diglossopis glauca"
"624","Drymophila caudata"
"625","Grallaria rufula"
"626","Hemispingus xanthophthalmus"
"627","Metallura tyrianthina"
"628","Patagona gigas"
"629","Pseudocolaptes boissonneautii"
"630","Thlypopsis ornata"
"631","Xiphorhynchus elegans"
"632","Corvus brachyrhynchos"
"633","Pica hudsonia"
"634","Corvus monedula"
"635","Hesperiphona vespertina"
"636","Delothraupis castaneoventris"
"637","Cranioleuca antisiensis"
"638","Thamnophilus bernardi"
"639","Phaethornis ruber"
"640","Veniliornis nigriceps"
"641","Grallaria ruficapilla"
"642","Neopelma pallescens"
"643","Coeligena helianthea"
"644","Phaethornis hispidus"
"645","Polyonymus caroli"
"646","Colaptes auratus"
"647","Piranga flava"
"648","Vireo plumbeus"
"649","Carduelis psaltria"
"650","Dendroica nigrescens"
"651","Piranga ludoviciana"
"652","Empidonax wrightii"
"653","Sialia mexicana"
"654","Picoides villosus"
"655","Polioptila caerulea"
"656","Columbina talpacoti"
"657","Coccyzus melacoryphus"
"658","Terenotriccus erythrurus"
"659","Columba elphinstonii"
"660","Columba livia"
"661","Passer hispaniolensis"
"662","Locustella luscinioides"
"663","Motacilla flava"
"664","Motacilla alba"
"665","Passer domesticus x hispaniolensis"
"666","Rhinomyias albigularis"
"667","Cyornis concretus"
"668","Ficedula nigrorufa"
"669","Myiomela albiventris"
"670","Sholicola ashambuensis"
"671","Sholicola major"
"672","Foudia omissa"
"673","Hartlaubius auratus"
"674","Cyclarhis gujanensis"
"675","Icterus spurius"
"676","Elaenia albiceps"
"677","Foudia madagascariensis"
"678","Ploceus nelicourvi"
"679","Colluricincla megarhyncha"
"680","Columbina minuta"
"681","Zenaida graysoni"
"682","Columbina passerina"
"683","Thamnophilus doliatus"
"684","Lepidocolaptes angustirostris"
"685","Cymbilaimus lineatus"
"686","Lophotriccus galeatus"
"687","Columbina picui"
"688","Patagioenas plumbea"
"689","Piculus rubiginosus"
"690","Conopophaga aurita"
"691","Contopus cooperi"
"692","Zimmerius viridiflavus"
"693","Conopophaga castaneiceps"
"694","Xiphorhynchus triangularis"
"695","Cranioleuca albicapilla"
"696","Cinclodes albidiventris"
"697","Leptotila verreauxi"
"698","Ochthoeca fumicolor"
"699","Leptopogon amaurocephalus"
"700","Philydor rufum"
"701","Polioptila plumbea"
"702","Thraupis sayaca"
"703","Tolmomyias flaviventris"
"704","Conirostrum sitticolor"
"705","Hemispingus superciliaris"
"706","Copsychus albospecularis"
"707","Columbina cruziana"
"708","Nonnula rubecula"
"709","Troglodytes musculus"
"710","Copsychus luzoniensis"
"711","Kittacincla malabarica"
"712","Copsychus malabaricus"
"713","Copsychus saularis"
"714","Veniliornis affinis"
"715","Veniliornis passerinus"
"716","Turdus rufiventris"
"717","Asthenes pyrrholeuca"
"718","Scardafella squammata"
"719","Coturnix coturnix"
"720","Coua reynaudii"
"721","Cracticus louisiadensis"
"722","Origma murina"
"723","Cracticus nigrogularis"
"724","Cranioleuca vulpina"
"725","Creagrus furcatus"
"726","Pipraeidea melanonota"
"727","Schistes geoffroyi"
"728","Crypturellus undulatus"
"729","Cuculus fugax"
"730","Cuculus rochii"
"731","Turdus viscivorus"
"732","Curaeus curaeus"
"733","Phytotoma rara"
"734","Eugralla paradoxa"
"735","Sturnella loyca"
"736","Sylvia conspicillata"
"737","Amaurornis phoenicurus"
"738","Tadorna tadorna"
"739","Passer montanus"
"740","Corvus macrorhynchos"
"741","Acritillas indica"
"742","Coccothraustes coccothraustes"
"743","Microscelis amaurotis"
"744","Zosterops japonicus"
"745","Cyanocompsa cyanoides"
"746","Cyanocorax cyanomelas"
"747","Cyanolanius madagascarinus"
"748","Cyanomitra olivacea"
"749","Thryomanes bewickii"
"750","Cyanocorax yncas"
"751","Cyornis banyumas"
"752","Thamnomanes caesius"
"753","Myrmornis torquata"
"754","Myrmoborus myotherinus"
"755","Sclerurus caudacutus"
"756","Microbates collaris"
"757","Geotrygon montana"
"758","Dixiphia pipra"
"759","Hylexetastes perrotii"
"760","Pithys albifrons"
"761","Oporornis formosus"
"762","Lepidothrix coeruleocapilla"
"763","Cyanerpes cyaneus"
"764","Tangara labradorides"
"765","Tangara parzudakii"
"766","Tangara ruficervix"
"767","Tangara arthus"
"768","Hypothymis azurea"
"769","Cyornis hainanus"
"770","Cymbilaimus sanctaemariae"
"771","Cyornis pallidipes"
"772","Cyphorhinus arada"
"773","Cypsnagra hirundinacea"
"774","Dacnis cayana"
"775","Dacelo gaudichaud"
"776","Deconychura longicauda"
"777","Dendrocitta formosae"
"778","Egretta garzetta"
"779","Prinia socialis"
"780","Chrysomma sinense"
"781","Zosterops palpebrosus"
"782","Parus monticolus"
"783","Ficedula hyperythra"
"784","Saxicola rubetra"
"785","Dendrocygna autumnalis"
"786","Rynchops niger"
"787","Dendrocolaptes certhia"
"788","Malacoptila rufa"
"789","Saltator coerulescens"
"790","Bucco tamatia"
"791","Pyriglena leuconota"
"792","Dendrocincla fuliginosa"
"793","Athene cunicularia"
"794","Harpagus diodon"
"795","Dendrocincla merula"
"796","Thamnophilus aethiops"
"797","Formicarius colma"
"798","Thryothorus longirostris"
"799","Formicivora melanogaster"
"800","Pachyramphus polychopterus"
"801","Parula pitiayumi"
"802","Turdus leucomelas"
"803","Thamnophilus nigrocinereus"
"804","Hemithraupis guira"
"805","Mimus saturninus"
"806","Cacicus solitarius"
"807","Hypocnemis subflava"
"808","Pipra fasciicauda"
"809","Turdus hauxwelli"
"810","Xiphorhynchus ocellatus"
"811","Ramphastos vitellinus"
"812","Cantorchilus longirostris"
"813","Myiothlypis flaveola"
"814","Neothraupis fasciata"
"815","Synallaxis frontalis"
"816","Ammodramus humeralis"
"817","Basileuterus leucoblepharus"
"818","Gubernatrix cristata"
"819","Myiarchus swainsoni"
"820","Schoeniophylax phryganophilus"
"821","Ramphastos dicolorus"
"822","Turdus flavipes"
"823","Pygochelidon cyanoleuca"
"824","Cacicus chrysopterus"
"825","Dendrocygna viduata"
"826","Dendrocincla turdina"
"827","Myrmotherula axillaris"
"828","Dicrurus balicassius"
"829","Dichrozona cincta"
"830","Dicaeum trigonostigma"
"831","Xenospingus concolor"
"832","Diglossa humeralis"
"833","Amblycercus holosericeus"
"834","Diglossa mystacalis"
"835","Haplospiza rustica"
"836","Henicorhina leucoptera"
"837","Iridosornis rufivertex"
"838","Ochthoeca rufipectoralis"
"839","Hemispingus verticalis"
"840","Diglossa lafresnayii"
"841","Lepidocolaptes affinis"
"842","Troglodytes solstitialis"
"843","Picoides albolarvatus"
"844","Syndactyla rufosuperciliata"
"845","Dubusia taeniata"
"846","Toxostoma rufum"
"847","Ammodramus leconteii"
"848","Oporornis philadelphia"
"849","Carduelis tristis"
"850","Lagopus lagopus"
"851","Geothlypis aequinoctialis"
"852","Elaenia chilensis"
"853","Zenaida auriculata"
"854","Elaenia flavogaster"
"855","Capsiempis flaveola"
"856","Dendrocolaptes platyrostris"
"857","Myiarchus tuberculifer"
"858","Myiodynastes maculatus"
"859","Pitangus sulphuratus"
"860","Elaenia spectabilis"
"861","Contopus sordidulus"
"862","Cyanistes teneriffae"
"863","Pheucticus melanocephalus"
"864","Griseotyrannus aurantioatrocristatus"
"865","Euscarthmus meloryphus"
"866","Molothrus bonariensis"
"867","Polioptila dumicola"
"868","Pyrocephalus rubinus"
"869","Sicalis flaveola"
"870","Sublegatus modestus"
"871","Suiriri suiriri"
"872","Tyrannus savana"
"873","Empidonax oberholseri"
"874","Schistochlamys ruficapillus"
"875","Empidonomus varius"
"876","Emberiza spodocephala"
"877","Phylloscopus nitidus"
"878","Leiothrix lutea"
"879","Saxicola torquata"
"880","Otus scops"
"881","Emberiza tristrami"
"882","Enicurus ruficapillus"
"883","Entomodestes leucotis"
"884","Erythrura viridifacies"
"885","Erpornis zantholeuca"
"886","Euaegotheles insignis"
"887","Eubucco versicolor"
"888","Euphonia chlorotica"
"889","Tolmomyias sulphurescens"
"890","Hylocharis chrysura"
"891","Eutoxeres aquila"
"892","Phaethornis guy"
"893","Euphonia violacea"
"894","Euphonia laniirostris"
"895","Arremon aurantiirostris"
"896","Chrysuronia oenone"
"897","Falco deiroleucus"
"898","Turdus merula"
"899","Cettia diphone"
"900","Ficedula westermanni"
"901","Ficedula zanthopygia"
"902","Hypsipetes parvirostris"
"903","Cinnyris comorensis"
"904","Mystacornis crossleyi"
"905","Newtonia amphichroa"
"906","Oxylabes madagascariensis"
"907","Formicarius analis"
"908","Formicivora grisea"
"909","Formicivora rufa"
"910","Formicarius rufipectus"
"911","Drymophila squamata"
"912","Formicivora serrana"
"913","Zosterops maderaspatanus"
"914","Coracopsis vasa"
"915","Furnarius leucopus"
"916","Furnarius rufus"
"917","Galbula albirostris"
"918","Myiobius barbatus"
"919","Saxicola caprata"
"920","Gallus gallus"
"921","Trochalopteron fairbanki"
"922","Babax lanceolatus"
"923","Galbula ruficauda"
"924","Manacus manacus"
"925","Tachyphonus coronatus"
"926","Geotrygon frenata"
"927","Mecocerculus leucophrys"
"928","Pipra chloromeros"
"929","Geospiza fuliginosa"
"930","Zoothera sibirica"
"931","Setophaga citrina"
"932","Passerina amoena"
"933","Iridosornis analis"
"934","Psarocolius angustifrons"
"935","Psarocolius decumanus"
"936","Icteria virens"
"937","Saltator maxillosus"
"938","Phaethornis philippii"
"939","Glaucidium brodiei"
"940","Glyphorynchus spirurus"
"941","Gorsachius goisagi"
"942","Grallaria andicolus"
"943","Grallaria blakei"
"944","Grallaria carrikeri"
"945","Grallaria guatimalensis"
"946","Grallaria quitensis"
"947","Grallaria squamigera"
"948","Grus americana"
"949","Acrocephalus schoenobaenus"
"950","Acrocephalus paludicola"
"951","Columba oenas"
"952","Acrocephalus mendanae"
"953","Acrocephalus orientalis"
"954","Xanthomixis cinereiceps"
"955","Monticola sharpei"
"956","Tylas eduardi"
"957","Philepitta castanea"
"958","Pseudobias wardi"
"959","Anser anser"
"960","Eumyias albicaudatus"
"961","Monticola solitarius"
"962","Conirostrum tamarugense"
"963","Acrocephalus melanopogon"
"964","Panurus biarmicus"
"965","Anthornis melanura"
"966","Malacoptila striata"
"967","Donacobius atricapilla"
"968","Sporophila americana"
"969","Stachyris pyrrhops"
"970","Cracticus tibicen"
"971","Rostrhamus sociabilis"
"972","Thryothorus ludovicianus"
"973","Ailuroedus buccoides"
"974","Zoothera aurea"
"975","Uraeginthus angolensis"
"976","Psalidoprocne albiceps"
"977","Phedina borbonica"
"978","Motacilla flaviventris"
"979","Phylloscopus canariensis"
"980","Delichon dasypus"
"981","Phoenicurus ochruros"
"982","Sylvia nisoria"
"983","Phylloscopus sindianus"
"984","Gymnorhinus cyanocephalus"
"985","Gymnopithys leucaspis"
"986","Mecocerculus stictopterus"
"987","Hemixos castanonotus"
"988","Chiroxiphia boliviana"
"989","Lepidothrix isidorei"
"990","Heliodoxa schreibersii"
"991","Hemispingus atropileus"
"992","Hemitriccus griseipectus"
"993","Herpsilochmus atricapillus"
"994","Hippolais caligata"
"995","Iduna pallida"
"996","Ficedula elisae"
"997","Phylloscopus inornatus"
"998","Phylloscopus armandii"
"999","Hylocharis leucotis"
"1000","Hylophylax naevius"
"1001","Hylophilus ochraceiceps"
"1002","Hylophylax punctulatus"
"1003","Hyloctistes subulatus"
"1004","Syndactyla ruficollis"
"1005","Nectarinia humbloti"
"1006","Hypocnemis cantator"
"1007","Ixos philippinus"
"1008","Hypsipetes leucocephalus"
"1009","Sitta frontalis"
"1010","Neodrepanis coruscans"
"1011","Hypocnemis ochrogyna"
"1012","Iole propinqua"
"1013","Schistocichla leucostigma"
"1014","Hylocryptus rectirostris"
"1015","Daptrius americanus"
"1016","Molothrus rufoaxillaris"
"1017","Poospiza lateralis"
"1018","Paroaria coronata"
"1019","Icterus cayanensis"
"1020","Ilicura militaris"
"1021","Iole olivacea"
"1022","Myrmotherula guttata"
"1023","Myrmotherula hauxwelli"
"1024","Sitta pygmaea"
"1025","Amazilia beryllina"
"1026","Junco phaeonotus"
"1027","Knipolegus poecilocercus"
"1028","Lacedo pulchella"
"1029","Tricholestes criniger"
"1030","Lanius cristatus"
"1031","Tyrannus vociferans"
"1032","Sialia currucoides"
"1033","Lamprotornis hildebrandti"
"1034","Sturnus vulgaris"
"1035","Sturnus roseus"
"1036","Leucophaeus scoresbii"
"1037","Lathrotriccus euleri"
"1038","Leiothrix argentauris"
"1039","Leptopterus chabert"
"1040","Corythopis torquatus"
"1041","Myiobius atricaudus"
"1042","Cryptopipo holochlora"
"1043","Epinecrophylla erythrura"
"1044","Machaeropterus pyrocephalus"
"1045","Elaenia parvirostris"
"1046","Lepidothrix nattereri"
"1047","Tangara schrankii"
"1048","Tangara velia"
"1049","Thraupis palmarum"
"1050","Tiaris obscura"
"1051","Polioptila paraensis"
"1052","Lepidocolaptes falcinellus"
"1053","Leptotila rufaxilla"
"1054","Leptasthenura striata"
"1055","Lepidothrix vilasboasi"
"1056","Lesbia nuna"
"1057","Stomiopera unicolor"
"1058","Fulica cristata"
"1059","Luscinia luscinia"
"1060","Passer rufocinctus"
"1061","Lipaugus vociferans"
"1062","Anthus berthelotii"
"1063","Sylvia melanocephala"
"1064","Lonchura punctulata"
"1065","Xenopipo atronitens"
"1066","Hemitriccus margaritaceiventer"
"1067","Saltator similis"
"1068","Stephanophorus diadematus"
"1069","Tangara sayaca"
"1070","Malacoptila fusca"
"1071","Poicephalus meyeri"
"1072","Malimbus rubricollis"
"1073","Margarornis squamiger"
"1074","Megadyptes antipodes"
"1075","Psilopogon henricii"
"1076","Melidectes belfordi"
"1077","Melanerpes formicivorus"
"1078","Momotus momota"
"1079","Momotus lessonii"
"1080","Pipilo fuscus"
"1081","Melilestes megarhynchus"
"1082","Ptiloprora perstriata"
"1083","Meliphaga montana"
"1084","Toxorhamphus poliopterus"
"1085","Melanocharis nigra"
"1086","Melanocharis versteri"
"1087","Melanocharis striativentris"
"1088","Sericornis nouhuysi"
"1089","Peneothello cyanus"
"1090","Rhagologus leucostigma"
"1091","Rhipidura atra"
"1092","Sericornis perspicillatus"
"1093","Mesembrinibis cayennensis"
"1094","Monasa morphoeus"
"1095","Megalaima virens"
"1096","Micrastur gilvicollis"
"1097","Milvago chimachima"
"1098","Micrastur mintoni"
"1099","Microeca papuana"
"1100","Micrastur ruficollis"
"1101","Minla ignotincta"
"1102","Milvus milvus"
"1103","Mimus polyglottos"
"1104","Mimus triurus"
"1105","Mionectes olivaceus"
"1106","Cyanoloxia brissonii"
"1107","Progne tapera"
"1108","Poecilotriccus plumbeiceps"
"1109","Trochalopteron cachinnans"
"1110","Montecincla jerdoni"
"1111","Monasa nigrifrons"
"1112","Ramphastos tucanus"
"1113","Pipreola riefferii"
"1114","Muscicapa ferruginea"
"1115","Muscicapa dauurica"
"1116","Lanius meridionalis"
"1117","Myadestes unicolor"
"1118","Myophonus caeruleus"
"1119","Mycteria americana"
"1120","Micrastur semitorquatus"
"1121","Ardea cocoi"
"1122","Ardea alba"
"1123","Caracara plancus"
"1124","Coccyzus americanus"
"1125","Platalea ajaja"
"1126","Myiopagis caniceps"
"1127","Contopus fumigatus"
"1128","Megarynchus pitangua"
"1129","Buarremon basilicus"
"1130","Colaptes atricollis"
"1131","Vireo leucophrys"
"1132","Myiotheretes fuscorufus"
"1133","Elaenia chiriquensis"
"1134","Myiopagis viridicata"
"1135","Phaeomyias murina"
"1136","Serpophaga subcristata"
"1137","Rhytipterna simplex"
"1138","Campylorhynchus turdinus"
"1139","Myrmotherula urosticta"
"1140","Cracticus torquatus"
"1141","Cinnycerthia peruana"
"1142","Myrmotherula longipennis"
"1143","Myrmotherula menetriesii"
"1144","Myrmotherula longicauda"
"1145","Myrmeciza fortis"
"1146","Myrmeciza hemimelaena"
"1147","Sciaphylax hemimelaena"
"1148","Myrmoborus leucophrys"
"1149","Rhegmatorhina berlepschi"
"1150","Schistocichla humaythae"
"1151","Gymnopithys rufigula"
"1152","Thamnomanes ardesiacus"
"1153","Sporophila plumbea"
"1154","Neomixis tenella"
"1155","Nemosia pileata"
"1156","Thryothorus genibarbis"
"1157","Streptopelia picturata"
"1158","Newtonia brunneicauda"
"1159","Niltava grandis"
"1160","Garrulax albogularis"
"1161","Pellorneum ruficeps"
"1162","Pomatorhinus horsfieldii"
"1163","Enicurus leschenaulti"
"1164","Niltava davidi"
"1165","Ninox philippensis"
"1166","Nucifraga columbiana"
"1167","Nycticorax nycticorax"
"1168","Penelope superciliaris"
"1169","Nystalus chacuru"
"1170","Nystalus maculatus"
"1171","Bucco capensis"
"1172","Xiphorhynchus guttatus"
"1173","Hemitriccus rufigularis"
"1174","Microcerculus marginatus"
"1175","Rhegmatorhina melanosticta"
"1176","Poospiza hispaniolensis"
"1177","Silvicultrix frontalis"
"1178","Poospiza caesar"
"1179","Sclerurus mexicanus"
"1180","Ochthoeca pulchella"
"1181","Malacoptila fulvogularis"
"1182","Pyrrhomyias cinnamomeus"
"1183","Oedistoma iliolophus"
"1184","Oena capensis"
"1185","Picumnus subtilis"
"1186","Oriolus oriolus"
"1187","Gyps bengalensis"
"1188","Pycnonotus sinensis"
"1189","Otus bakkamoena"
"1190","Geokichla citrina"
"1191","Zoothera dauma"
"1192","Megascops ingens"
"1193","Otus megalotis"
"1194","Strix aluco"
"1195","Otus sunia"
"1196","Pachycephala homeyeri"
"1197","Pachycephala hyperythra"
"1198","Pachycephala schlegelii"
"1199","Pachycephalopsis poliosoma"
"1200","Pachyramphus marginatus"
"1201","Piranga rubra"
"1202","Tityra semifasciata"
"1203","Pachyramphus rufus"
"1204","Pachyramphus validus"
"1205","Euplectes afer"
"1206","Calidris canutus"
"1207","Cnemotriccus fuscatus"
"1208","Elaenia cristata"
"1209","Tachyphonus phoenicius"
"1210","Tachyphonus cristatus"
"1211","Ramphotrigon ruficauda"
"1212","Elaenia mesoleuca"
"1213","Haplospiza unicolor"
"1214","Lophotriccus eulophotes"
"1215","Phaeothlypis fulvicauda"
"1216","Sittasomus griseicapillus"
"1217","Thlypopsis sordida"
"1218","Passerina ciris"
"1219","Seiurus motacilla"
"1220","Schiffornis virescens"
"1221","Passer griseus"
"1222","Psittiparus gularis"
"1223","Nyctidromus albicollis"
"1224","Myiothlypis fraseri"
"1225","Pachyramphus albogriseus"
"1226","Phaethornis syrmatophorus"
"1227","Paramythia montium"
"1228","Peneothello bimaculata"
"1229","Sitta krueperi"
"1230","Certhia brachydactyla"
"1231","Lophophanes cristatus"
"1232","Patagioenas fasciata"
"1233","Scytalopus sp."
"1234","Sericossypha albocristata"
"1235","Anthus cinnamomeus"
"1236","Anthus rufulus"
"1237","Pellorneum capistratum"
"1238","Tregellasia leucops"
"1239","Peneothello sigillata"
"1240","Penelopides panini"
"1241","Perisoreus canadensis"
"1242","Piprites chloris"
"1243","Phalacrocorax brasilianus"
"1244","Threnetes niger"
"1245","Phaethornis striigularis"
"1246","Empidonax virescens"
"1247","Lafresnaya lafresnayi"
"1248","Ochthoeca piurae"
"1249","Philydor erythropterum"
"1250","Phlegopsis erythroptera"
"1251","Philohydor lictor"
"1252","Synallaxis rutilans"
"1253","Sayornis nigricans"
"1254","Tangara cyanoptera"
"1255","Mimus thenca"
"1256","Phrygilus gayi"
"1257","Asthenes dorbignyi"
"1258","Muscisaxicola maculirostris"
"1259","Phrygilus punensis"
"1260","Geospizopsis unicolor"
"1261","Luscinia calliope"
"1262","Phoenicurus phoenicurus"
"1263","Locustella fasciolata"
"1264","Phytotoma rutila"
"1265","Piaya cayana"
"1266","Piculus flavigula"
"1267","Pica pica"
"1268","Piranga olivacea"
"1269","Hemitriccus granadensis"
"1270","Lepidocolaptes lacrymiger"
"1271","Pipreola arcuata"
"1272","Pitta phayrei"
"1273","Niltava macgrigoriae"
"1274","Automolus rubiginosus"
"1275","Piranga leucoptera"
"1276","Microrhopias quixensis"
"1277","Thamnophilus ambiguus"
"1278","Pitohui dichrous"
"1279","Ploceus melanocephalus"
"1280","Poecilodryas cerviniventris"
"1281","Erythrogenys erythrogenys"
"1282","Pomatorhinus hypoleucos"
"1283","Pomatostomus superciliosus"
"1284","Pomatorhinus ruficollis"
"1285","Mixornis gularis"
"1286","Progne subis"
"1287","Tachycineta meyeni"
"1288","Hellmayrea gularis"
"1289","Dendropicos fuscescens"
"1290","Plocepasser rufoscapulatus"
"1291","Psophia leucoptera"
"1292","Ptilogonys cinereus"
"1293","Ptiloprora guisei"
"1294","Pycnonotus brunneus"
"1295","Pycnonotus cafer"
"1296","Pycnonotus leucogenys"
"1297","Pycnonotus cyaniventris"
"1298","Pycnonotus goiavier"
"1299","Pycnonotus melanicterus"
"1300","Alcippe brunneicauda"
"1301","Pycnonotus flavescens"
"1302","Dysithamnus plumbeus"
"1303","Pyriglena leucoptera"
"1304","Pycnonotus jocosus"
"1305","Pyrrhura lepida"
"1306","Lanius minor"
"1307","Cisticola fulvicapilla"
"1308","Chloropeta similis"
"1309","Regulus satrapa"
"1310","Origma robusta"
"1311","Rhipidura albolimbata"
"1312","Rhynchospiza stolzmanni"
"1313","Turdus iliacus"
"1314","Hieraaetus wahlbergi"
"1315","Rupornis magnirostris"
"1316","Saltator atricollis"
"1317","Sarcops calvus"
"1318","Schiffornis turdina"
"1319","Spiza americana"
"1320","Ammodramus henslowii"
"1321","Salpinctes obsoletus"
"1322","Seicercus xanthodryas"
"1323","Serpophaga cinerea"
"1324","Setophaga graciae"
"1325","Muscigralla brevicauda"
"1326","Sporophila peruviana"
"1327","Turdus reevei"
"1328","Parula superciliosa"
"1329","Epinecrophylla spodionota"
"1330","Lamprospiza melanoleuca"
"1331","Lanio versicolor"
"1332","Xenops minutus"
"1333","Vireo flavifrons"
"1334","Eremophila alpestris"
"1335","Sylvia cantillans"
"1336","Dendrocopos major"
"1337","Pachyptila belcheri"
"1338","Anas acuta"
"1339","Ciconia ciconia"
"1340","Marmaronetta angustirostris"
"1341","Cercotrichas galactotes"
"1342","Cyanopica cooki"
"1343","Emberiza calandra"
"1344","Emberiza cia"
"1345","Hippolais polyglotta"
"1346","Monticola saxatilis"
"1347","Oenanthe oenanthe"
"1348","Phoenicurus moussieri"
"1349","Saxicola maura"
"1350","Sylvia deserticola"
"1351","Sylvia undata"
"1352","Colibri coruscans"
"1353","Phleocryptes melanops"
"1354","Gallinago gallinago"
"1355","Lamprotornis superbus"
"1356","Veniliornis callonotus"
"1357","Carduelis spinus"
"1358","Tachyphonus rufiventer"
"1359","Smicrornis brevirostris"
"1360","Streptopelia senegalensis"
"1361","Pyroderus scutatus"
"1362","Geospiza fortis"
"1363","Alcippe castaneceps"
"1364","Stachyris strialata"
"1365","Porzana parva"
"1366","Fulica atra"
"1367","Sturnus unicolor"
"1368","Petroica australis"
"1369","Zosterops lateralis"
"1370","Turdus pallidus"
"1371","Cisticola cherina"
"1372","Synallaxis whitneyi"
"1373","Sylvia crassirostris"
"1374","Monarcha axillaris"
"1375","Toxorhamphus novaeguineae"
"1376","Synallaxis albescens"
"1377","Synallaxis unirufa"
"1378","Sporophila angolensis"
"1379","Tachyphonus luctuosus"
"1380","Tachuris rubrigastra"
"1381","Tangara argyrofenges"
"1382","Tangara chilensis"
"1383","Campylorhamphus trochilirostris"
"1384","Tangara cyanicollis"
"1385","Tangara desmaresti"
"1386","Monarcha guttula"
"1387","Sicalis luteola"
"1388","Eriocnemis vestita"
"1389","Tangara xanthocephala"
"1390","Taraba major"
"1391","Tangara gyrola"
"1392","Cranioleuca hellmayri"
"1393","Eucometis penicillata"
"1394","Basileuterus rufifrons"
"1395","Terpsiphone viridis"
"1396","Myiotheretes pernix"
"1397","Basileuterus conspicillatus"
"1398","Thamnophilus murinus"
"1399","Myrmeciza goeldii"
"1400","Trogon personatus"
"1401","Thalurania fannyi"
"1402","Thalurania glaucopis"
"1403","Rhegmatorhina gymnops"
"1404","Rhegmatorhina hoffmannsi"
"1405","Hypocnemis hypoxantha"
"1406","Turdus fumigatus"
"1407","Thamnophilus tenuepunctatus"
"1408","Thamnophilus torquatus"
"1409","Sakesphorus cristatus"
"1410","Tangara mexicana"
"1411","Anabazenops fuscus"
"1412","Arremon schlegeli"
"1413","Basileuterus basilicus"
"1414","Aglaiocercus kingi"
"1415","Cinnycerthia olivascens"
"1416","Myiotheretes fumigatus"
"1417","Saltator aurantiirostris"
"1418","Cnemarchus erythropygius"
"1419","Sicalis olivascens"
"1420","Phaethornis superciliosus"
"1421","Phaethornis baroni"
"1422","Ampelion rubrocristatus"
"1423","Cypseloides rutilus"
"1424","Myiozetetes similis"
"1425","Eriocnemis cupreoventris"
"1426","Eriocnemis derbyi"
"1427","Amazilia alticola"
"1428","Boissonneaua matthewsii"
"1429","Phaethornis griseogularis"
"1430","Cinnycerthia unirufa"
"1431","Elaenia pallatangae"
"1432","Icterus mesomelas"
"1433","Heliodoxa rubinoides"
"1434","Baryphthengus martii"
"1435","Chalcostigma stanleyi"
"1436","Chlorochrysa calliparaea"
"1437","Colaptes rupicola"
"1438","Cranioleuca marcapatae"
"1439","Electron platyrhynchum"
"1440","Florisuga mellivora"
"1441","Heliangelus micraster"
"1442","Lesbia victoriae"
"1443","Metallura eupogon"
"1444","Monasa flavirostris"
"1445","Oreotrochilus estella"
"1446","Pterophanes cyanopterus"
"1447","Taphrospilus hypostictus"
"1448","Threnetes leucurus"
"1449","Scytalopus simonsi"
"1450","Actinodura egertoni"
"1451","Garrulax lineatus"
"1452","Turdus boulboul"
"1453","Turdus chrysolaus"
"1454","Turdus pilaris"
"1455","Pachyramphus viridis"
"1456","Turdus subalaris"
"1457","Turdus grayi"
"1458","Iridosornis jelskii"
"1459","Oreonympha nobilis"
"1460","Xiphocolaptes albicollis"
"1461","Turdus fulviventris"
"1462","Donacospiza albifrons"
"1463","Turdoides striata"
"1464","Turtur tympanistria"
"1465","Tyto furcata"
"1466","Prinia hodgsonii"
"1467","Orthotomus sutorius"
"1468","Vanga curvirostris"
"1469","Myiornis albiventris"
"1470","Vireo griseus"
"1471","Clytolaema rubricauda"
"1472","Xenops rutilans"
"1473","Epinecrophylla leucophthalma"
"1474","Catherpes mexicanus"
"1475","Vireo solitarius"
"1476","Celeus flavescens"
"1477","Dryocopus lineatus"
"1478","Hylophilus amaurocephalus"
"1479","Xiphorhynchus spixii"
"1480","Poecilotriccus fumifrons"
"1481","Jynx torquilla"
"1482","Remiz pendulinus"
"1483","Dendroica virens"
"1484","Xiphorhynchus obsoletus"
"1485","Xiphorhynchus pardalotus"
"1486","Xolmis pyrope"
"1487","Cinclodes patagonicus"
"1488","Zosterops brunneus"
"1489","Motacilla cinerea"
"1490","Zenaida macroura"
"1491","Mecocerculus minor"
"1492","Pseudotriccus ruficeps"
"1493","Zosterops abyssinicus"
"1494","Colaptes melanochloros"
"1495","Pipilo chlorurus"
"1496","Schizoeaca helleri"
"1497","Basileuterus bivittatus"
"1498","Zosterops mauritianus"
"1499","Zosterops montanus"
